{"train/accuracy": 0.6860148906707764, "train/coverage": 0.9654990434646606, "train/coverage runtime": 0.9758227467536926, "train/loss": 0.7800489664077759, "_timestamp": 1686153431.478604, "eval/accuracy": 0.5765865445137024, "eval/coverage": 0.9247894883155823, "eval/coverage runtime": 0.9634695053100586, "eval/loss": 1.2545183897018433, "_runtime": 8825.153362989426, "_step": 19, "_wandb": {"runtime": 8824}}